As at 10 January 2013																																	
DARTMOOR FIRING NOTICE

DATE	OKEHAMPTON
Thu 10 Jan 13	NIL
Fri 11 Jan 13	NIL
Sat 12 Jan 13	NIL
Sun 13 Jan 13	NIL
Mon 14 Jan 13	NIL
Tue 15 Jan 13	NIL
Wed 16 Jan 13	NIL
Thu 17 Jan 13	NIL
Fri 18 Jan 13	NIL
Sat 19 Jan 13	NIL
Sun 20 Jan 13	NIL
Mon 21 Jan 13	NIL
Tue 22 Jan 13	DAY & NIGHT
Wed 23 Jan 13	DAY & NIGHT
Thu 24 Jan 13	DAY & NIGHT
Fri 25 Jan 13	DAY
Sat 26 Jan 13	NIL
Sun 27 Jan 13	NIL
Mon 28 Jan 13	NIL
Tue 29 Jan 13	NIL
Wed 30 Jan 13	NIL
Thu 31 Jan 13	NIL
Fri 01 Feb 13	NIL
Sat 02 Feb 13	NIL
Sun 03 Feb 13	NIL
Mon 04 Feb 13	NIL
Tue 05 Feb 13	DAY & NIGHT
Wed 06 Feb 13	DAY & NIGHT
Thu 07 Feb 13	DAY & NIGHT
Fri 08 Feb 13	DAY
Sat 09 Feb 13	NIL
Sun 10 Feb 13	NIL
Mon 11 Feb 13	NIL
Tue 12 Feb 13	NIL
Wed 13 Feb 13	NIL
Thu 14 Feb 13	NIL
Fri 15 Feb 13	NIL
Sat 16 Feb 13	NIL
Sun 17 Feb 13	NIL
Mon 18 Feb 13	NIL
Tue 19 Feb 13	DAY & NIGHT
Wed 20 Feb 13	DAY & NIGHT
Thu 21 Feb 13	DAY & NIGHT
Fri 22 Feb 13	DAY
Sat 23 Feb 13	NIL
Sun 24 Feb 13	NIL

DATE	WILLSWORTHY
Thu 10 Jan 13	DAY & NIGHT
Fri 11 Jan 13	NIL
Sat 12 Jan 13	NIL
Sun 13 Jan 13	NIL
Mon 14 Jan 13	DAY
Tue 15 Jan 13	NIL
Wed 16 Jan 13	NIL
Thu 17 Jan 13	NIL
Fri 18 Jan 13	NIL
Sat 19 Jan 13	NIL
Sun 20 Jan 13	NIL
Mon 21 Jan 13	DAY & NIGHT
Tue 22 Jan 13	DAY & NIGHT
Wed 23 Jan 13	DAY
Thu 24 Jan 13	DAY
Fri 25 Jan 13	DAY
Sat 26 Jan 13	NIL
Sun 27 Jan 13	NIL
Mon 28 Jan 13	DAY
Tue 29 Jan 13	NIL
Wed 30 Jan 13	NIL
Thu 31 Jan 13	DAY
Fri 01 Feb 13	NIL
Sat 02 Feb 13	NIL
Sun 03 Feb 13	NIL
Mon 04 Feb 13	DAY
Tue 05 Feb 13	DAY
Wed 06 Feb 13	DAY
Thu 07 Feb 13	DAY
Fri 08 Feb 13	DAY
Sat 09 Feb 13	NIL
Sun 10 Feb 13	NIL
Mon 11 Feb 13	DAY
Tue 12 Feb 13	NIL
Wed 13 Feb 13	NIL
Thu 14 Feb 13	NIL
Fri 15 Feb 13	DAY
Sat 16 Feb 13	NIL
Sun 17 Feb 13	NIL
Mon 18 Feb 13	NIL
Tue 19 Feb 13	DAY
Wed 20 Feb 13	DAY
Thu 21 Feb 13	DAY
Fri 22 Feb 13	NIL
Sat 23 Feb 13	NIL
Sun 24 Feb 13	NIL

DATE	MERRIVALE
Thu 10 Jan 13	DAY & NIGHT
Fri 11 Jan 13	NIL
Sat 12 Jan 13	NIL
Sun 13 Jan 13	NIL
Mon 14 Jan 13	NIL
Tue 15 Jan 13	DAY & NIGHT
Wed 16 Jan 13	DAY & NIGHT
Thu 17 Jan 13	DAY & NIGHT
Fri 18 Jan 13	DAY
Sat 19 Jan 13	NIL
Sun 20 Jan 13	NIL
Mon 21 Jan 13	NIL
Tue 22 Jan 13	DAY
Wed 23 Jan 13	DAY
Thu 24 Jan 13	DAY
Fri 25 Jan 13	DAY
Sat 26 Jan 13	NIL
Sun 27 Jan 13	NIL
Mon 28 Jan 13	NIL
Tue 29 Jan 13	DAY & NIGHT
Wed 30 Jan 13	DAY & NIGHT
Thu 31 Jan 13	DAY & NIGHT
Fri 01 Feb 13	DAY
Sat 02 Feb 13	NIL
Sun 03 Feb 13	NIL
Mon 04 Feb 13	NIL
Tue 05 Feb 13	DAY
Wed 06 Feb 13	DAY
Thu 07 Feb 13	DAY
Fri 08 Feb 13	NIL
Sat 09 Feb 13	NIL
Sun 10 Feb 13	NIL
Mon 11 Feb 13	NIL
Tue 12 Feb 13	DAY & NIGHT
Wed 13 Feb 13	DAY & NIGHT
Thu 14 Feb 13	DAY & NIGHT
Fri 15 Feb 13	DAY
Sat 16 Feb 13	NIL
Sun 17 Feb 13	NIL
Mon 18 Feb 13	NIL
Tue 19 Feb 13	NIL
Wed 20 Feb 13	NIL
Thu 21 Feb 13	NIL
Fri 22 Feb 13	NIL
Sat 23 Feb 13	NIL
Sun 24 Feb 13	NIL

Warning signals, red flags by day and red lamps by night, 
indicate that live firing is taking place within the range boundaries, 
which are marked by red and white poles.  When warning signals are 
displayed do not cross the range boundary.  If the warning signals 
are not hoisted by 0900 (Apr-Sep) or 1000 (Oct - Mar) no live firing 
will take place that day and any bangs you hear will be blank cartridges 
or fireworks.  DAY firing is between sunrise and sunset.  NIGHT firing 
is between sunset and sunrise.  Flags are lowered as soon as live firing 
ceases.																																				
																																				
"For updates on the firing program ring Freephone 0800 458 4868

For further information on the Armed Forces' interests in Dartmoor, 
contact:
Commandant Dartmoor Training Area, Okehampton Camp, Okehampton 
EX20 1QP, 01837 657 210"																																				
																																				
"DO NOT TOUCH ANY MILITARY DEBRIS - IT MAY BE DANGEROUS
NOTE LOCATION – 
INFORM COMMANDANT OR POLICE"																																				
																																			
